Source,Name,Location,Message,Phone,Email,ProfileUrl,PostUrl,Timestamp,Priority,Score,Intent
Reddit r/Atlanta,Sarah Johnson,Atlanta GA,"Looking for solar panel installation recommendations. Electric bill is $250/month and want to go solar ASAP. Any good installers in Atlanta?",,"sarah.j.reddit@pending-contact.com",https://reddit.com/user/sarahjohnson,https://reddit.com/r/Atlanta/comments/abc123,2 hours ago,Hot,75,High
Facebook - Atlanta Solar Group,Mike Brown,Marietta GA,"Need quote for 2000 sq ft home. Current bill $300/mo. Looking to install solar this spring. Who should I call?",(404) 555-0123,,https://facebook.com/mike.brown.12345,https://facebook.com/groups/atlanta-solar/posts/67890,4 hours ago,Hot,70,High
Nextdoor - East Cobb,Lisa Davis,Roswell GA,"Solar panels stopped working this morning! Inverter showing error code. Need technician ASAP. Please help!!",(770) 555-0456,lisa.davis@email.com,https://nextdoor.com/profile/lisa-davis,https://nextdoor.com/p/abc123,1 hour ago,Hot,85,Urgent
Reddit r/Georgia,James Wilson,Decatur GA,"Thinking about solar but don't know where to start. What's the average cost in Georgia? Any recommendations for installers?",,,https://reddit.com/user/jwilson,https://reddit.com/r/Georgia/comments/def456,6 hours ago,Warm,50,Medium
HomeAdvisor Quote,Patricia Martinez,Alpharetta GA,"Requesting quotes for residential solar installation. 3-bedroom home, looking for competitive pricing and quality work.",(678) 555-0789,p.martinez@email.com,https://homeadvisor.com/pro/request/789,https://homeadvisor.com/quotes/solar/789,3 hours ago,Hot,80,High
Facebook - Georgia Homeowners,Robert Taylor,Johns Creek GA,"Anyone had solar installed recently? What did it cost? Looking for honest recommendations, not pushy salespeople.",,,https://facebook.com/robert.taylor.67890,https://facebook.com/groups/ga-homeowners/posts/45678,5 hours ago,Warm,55,Medium
Nextdoor - Buckhead,Jennifer White,Atlanta GA,"Solar system not producing power. Installed 2 years ago. Need someone to diagnose and fix. Recommendations?",(404) 555-0234,j.white@email.com,https://nextdoor.com/profile/j-white,https://nextdoor.com/p/xyz789,2 hours ago,Hot,75,High
Thumbtack Request,David Anderson,Smyrna GA,"Looking for licensed solar installer. Want to get 3-4 quotes. House is 2500 sq ft with good sun exposure.",(770) 555-0567,d.anderson@email.com,https://thumbtack.com/profile/david-a,https://thumbtack.com/requests/solar/456,4 hours ago,Warm,65,Medium
Reddit r/solar,Maria Garcia,Sandy Springs GA,"Moving to Atlanta area. Want solar on new home. What companies do good work in Georgia? Budget around $20k.",,,https://reddit.com/user/mariagarcia,https://reddit.com/r/solar/comments/ghi789,7 hours ago,Warm,60,Medium
Facebook - Atlanta Buy/Sell,Christopher Lee,Lawrenceville GA,"Need solar panel cleaning and maintenance service. System is 3 years old. Who does this in Gwinnett County?",(678) 555-0890,,https://facebook.com/chris.lee.54321,https://facebook.com/groups/atlanta-buy-sell/posts/12345,8 hours ago,Cold,35,Low
Yelp Review,Amanda Brown,Cumming GA,"Looking at solar options. Saw some companies have bad reviews. Who's actually reliable in North Georgia?",,,https://yelp.com/user/amanda-b,https://yelp.com/biz/review/solar-456,12 hours ago,Warm,45,Medium
Nextdoor - Dunwoody,Kevin Johnson,Dunwoody GA,"Inverter making weird noise. Solar company that installed it went out of business. Need repair service ASAP!",(404) 555-0678,k.johnson@email.com,https://nextdoor.com/profile/kevin-j,https://nextdoor.com/p/pqr456,1.5 hours ago,Hot,80,Urgent
Reddit r/Atlanta,Nicole Smith,Kennesaw GA,"Just bought a house with existing solar. Previous owner said panels are 5 years old. Should I get them inspected?",,,https://reddit.com/user/nicolesmith,https://reddit.com/r/Atlanta/comments/jkl012,9 hours ago,Cold,30,Low
Facebook - Marietta Neighbors,Brian Wilson,Marietta GA,"Electric bill was $400 last month! Looking into solar. Need recommendations for good installers in Cobb County.",(770) 555-0345,,https://facebook.com/brian.wilson.98765,https://facebook.com/groups/marietta-neighbors/posts/23456,3.5 hours ago,Hot,70,High
HomeAdvisor Quote,Rachel Green,Brookhaven GA,"Request for solar panel installation estimate. Prefer local company with good warranty. Can start immediately.",(404) 555-0901,rachel.g@email.com,https://homeadvisor.com/pro/request/890,https://homeadvisor.com/quotes/solar/890,2.5 hours ago,Hot,75,High
